#Instalar sakila:
wget https://downloads.mysql.com/docs/sakila-db.zip

#extraer archivo zip
sudo apt install unzip (si no esta instalado)
unzip sakila-db.zip

#iniciar mysql con root
mysql -u root -p 

#comprobar que aparece la BD
show databases;

#seleccionamos la bd
use sakila;

#vemos la bd un poco
show tables;
describe film;
describe actor;
describe film_actor;
describe language;

#ver la consulta completa que se utilizó para crear una tabla
#por ejemplo film:
show create table film;
CREATE TABLE `film` (
  `film_id` smallint unsigned NOT NULL AUTO_INCREMENT,
  `title` varchar(128) NOT NULL,
  `description` text,
  `release_year` year DEFAULT NULL,
  `language_id` tinyint unsigned NOT NULL,
  `original_language_id` tinyint unsigned DEFAULT NULL,
  `rental_duration` tinyint unsigned NOT NULL DEFAULT '3',
  `rental_rate` decimal(4,2) NOT NULL DEFAULT '4.99',
  `length` smallint unsigned DEFAULT NULL,
  `replacement_cost` decimal(5,2) NOT NULL DEFAULT '19.99',
  `rating` enum('G','PG','PG-13','R','NC-17') DEFAULT 'G',
  `special_features` set('Trailers','Commentaries','Deleted Scenes','Behind the Scenes') DEFAULT NULL,
  `last_update` timestamp NOT NULL DEFAULT CURRENT_TIMESTAMP ON UPDATE CURRENT_TIMESTAMP,
  PRIMARY KEY (`film_id`),
  KEY `idx_title` (`title`),
  KEY `idx_fk_language_id` (`language_id`),
  KEY `idx_fk_original_language_id` (`original_language_id`),
  CONSTRAINT `fk_film_language` FOREIGN KEY (`language_id`) REFERENCES `language` (`language_id`) ON DELETE RESTRICT ON UPDATE CASCADE,
  CONSTRAINT `fk_film_language_original` FOREIGN KEY (`original_language_id`) REFERENCES `language` (`language_id`) ON DELETE RESTRICT ON UPDATE CASCADE
) ENGINE=InnoDB AUTO_INCREMENT=1001 DEFAULT CHARSET=utf8mb4 COLLATE=utf8mb4_0900_ai_ci |



##############ACTIVIDADES:
1. Nombre y apellido de los actores en "FACTORY DRAGON"

mysql> select a.first_name, a.last_name 
    -> from actor a
    -> join film_actor fa ON a.actor_id=fa.actor_id
    -> join film f ON fa.film_id=f.film_id
    -> where f.title='FACTORY DRAGON';
+------------+-----------+
| first_name | last_name |
+------------+-----------+
| SISSY      | SOBIESKI  |
| HENRY      | BERRY     |
| MAE        | HOFFMAN   |
| CATE       | MCQUEEN   |
| MERYL      | GIBSON    |
| MENA       | HOPPER    |
+------------+-----------+
6 rows in set (0.00 sec)


2. Cantidad de peliculas en idioma inglés

mysql> select count(*) as total_peliculas_ingles
    -> from film f
    -> join language l on f.language_id=l.language_id
    -> where l.name = 'English';
+------------------------+
| total_peliculas_ingles |
+------------------------+
|                   1000 |
+------------------------+
1 row in set (0.00 sec)



